,类别,类型,题目,难度,选项,答案
0,Python基础,单选题,下列哪个语句在Python中是非法的？,1,"['x = y = z = 1', 'x = (y = z + 1)', 'x, y = y, x', 'x  +=  y']",B
1,Python基础,单选题,关于Python内存管理，下列说法错误的是,1,"['变量不必事先声明', '变量无须先创建和赋值而直接使用', '变量无须指定类型', '可以使用del释放资源']",B
2,Python基础,单选题,下面哪个不是Python合法的标识符,1,"['int32', '40XL', 'self', '__name__']",B
3,Python基础,单选题,下列哪种说法是错误的,1,"['除字典类型外，所有标准对象均可以用于布尔测试', '空字符串的布尔值是False', '空列表对象的布尔值是False', '值为0的任何数字对象的布尔值是False']",A
4,Python基础,单选题,Python不支持的数据类型有,1,"['char', 'int', 'float', 'list']",A
5,Python基础,单选题,关于Python中的复数，下列说法错误的是,1,"['表示复数的语法是real + image j', '实部和虚部都是浮点数', '虚部必须后缀j，且必须是小写', '方法conjugate返回复数的共轭复数']",C
6,Python基础,单选题,关于字符串下列说法错误的是,1,"['字符应该视为长度为1的字符串', '字符串以\\0标志字符串的结束', '既可以用单引号，也可以用双引号创建字符串', '在三引号字符串中可以包含换行回车等特殊字符']",B
7,Python基础,单选题,以下不能创建一个字典的语句是,1,"['dict1 = {}', 'dict2 = { 3 : 5 }', 'dict3 = {[1,2,3]: “uestc”}', 'dict4 = {(1,2,3): “uestc”}']",C
8,Python基础,单选题,下列Python语句正确的是,1,"['min = x  if  x < y  else  y', 'max = x > y ? x : y', 'if (x > y) print x', 'while True : pass']",D
9,Python基础,单选题,计算机中信息处理和信息储存用,1,"['二进制代码', '十进制代码', '十六进制代码', 'ASCII代码']",A
10,Python基础,单选题,python源程序执行的方式,1,"['编译执行', '解析执行', '直接执行', '边编译边执行']",B
11,Python基础,单选题,Python语言语句块的标记是,1,"['分号', '逗号', '缩进', '/']",C
12,Python基础,单选题,以下是字符转换成字节的方法是,1,"['decode()', 'encode()', 'upper()', 'rstrip()']",B
13,Python基础,多选题,以下是正确的字符串(请忽略中英文符号),1,"['‘abc”ab”', '‘abc”ab’', '“abc”ab”', '“abc\\'ab”']","B,D"
14,Python基础,单选题,"ab + ""c"" * 2 结果是",1,"['abc2', 'abcabc', 'abcc', 'ababcc']",C
15,Python基础,单选题,以下会出现错误的是,1,"['‘北京’.encode()', '‘北京’.decode()', '‘北京’.encode().decode()', '以上都不会错误']",B
16,Python基础,单选题,"如下：

 str1 = ""Runoob example....wow!!!""

str2 = ""exam"";

Print(str1.find(str2, 5)) 打印的结果是",1,"['6', '7', '8', '-1']",B
17,Python基础,多选题,"下面对count（），index(), find()方法描述错误的是",1,"['count() 方法用于统计字符串里某个字符出现的次数', 'find() 方法检测字符串中是否包含子字符串 str  如果包含子字符串返回开始的索引值，否则会报一个异常', 'index() 方法检测字符串中是否包含子字符串 str， 如果str不在 返回-1', '以上都错误']","B,C"
18,Python基础,单选题,"有下面的程序段

if k<=10 and k > 0:
    if k >5:
        if k>8:
            x=0
        else:
            x=1
    else:
        if k>2:
            x=3
        else:
    x=4

其中k取那组值时  x =3",1,"['3,4,5', '3,4', '5,6,7', '4,5']",A
19,Python基础,单选题,以下不是python中的关键字,1,"['raise', 'with', 'import', 'final']",D
20,Python基础,单选题,"调用以下函数返回的值
def myfun():
    pass",1,"['0', '出错不能运行', '空字符串', 'None']",D
21,Python基础,单选题,"函数如下：

def showNnumber(numbers):
    for n in numbers:
    print(n)

 下面那些在调用函数时会报错",1,"['showNumer([2,4,5])', 'showNnumber(‘abcesf’)', 'showNnumber(3.4)', 'showNumber((12,4,5))']",C
22,Python基础,单选题,"函数如下

def chanageInt(number2):
    number2 = number2 + 1
    print(""changeInt: number2= "",number2)

#调用

number1 = 2
chanageInt(number1)
print(""number:"",number1)

打印结果哪项是正确的",1,"['changeInt: number2= 3 number: 3', 'changeInt: number2= 3 number: 2', 'number: 2 changeInt: number2= 2', 'number: 2 changeInt: number2= 3']",B
23,Python基础,单选题,关于python类 说法错误的是,1,"['类的实例方法必须创建对象后才可以调用', '类的实例方法必须创建对象前才可以调用', '类的类方法可以用对象和类名来调用', '类的静态属性可以用类名和对象来调用']",B
24,Python基础,单选题,以下哪项python能正常启动,1,"['拼写错误', '错误表达式', '缩进错误', '手动抛出异常']",D
25,Python基础,单选题,有关异常说法正确的是,1,"['程序中抛出异常终止程序', '程序中抛出异常不一定终止程序', '拼写错误会导致程序终止', '缩进错误会导致程序终止']",B
26,Python基础,单选题,"对以下程序描述错误的是

try:

    #语句块1

except  IndexError as i:

    # 语句块2",1,"['改程序对异常处理了，因此一定不会终止程序', '改程序对异常处理了，不一定不会因异常引发终止', '语句块1，如果抛出IndexError 异常，不会因为异常终止程序', '语句块2 不一定会执行']",A
27,Python基础,单选题,"程序如下：

try:
    number = int(input(""请输入数字：""))
    print(""number:"",number)
    print(""=======hello======"")
except Exception as e:
    # 报错错误日志
    print(""打印异常详情信息： "",e)
else:
    print(""没有异常"")
finally:
#关闭资源
    print(""finally"")
print(""end"")

输入的是 1a 结果是：",1,"['number: 1
打印异常详情信息：  invalid literal for int() with base 10:\n finally\n end', '打印异常详情信息：  invalid literal for int() with base 10:\n finally\n end', ' ========hello===========\n\n打印异常详情信息：  invalid literal for int() with base 10:\n finally\n End', '以上都正确']",B
28,Python基础,单选题,导入模块的方式错误的是,1,"['import mo', 'from mo import *', 'import mo as m', 'import m from mo']",D
29,Python基础,单选题,以下关于模块说法错误的是,1,"['一个xx.py就是一个模块', '任何一个普通的xx.py文件可以作为模块导入', '模块文件的扩展名不一定是 .py', '运行时会从制定的目录搜索导入的模块，如果没有，会报错异常']",C
30,Python基础,单选题,关于 Python 程序格式框架的描述，以下选项中错误的是,1,"['Python 语言不采用严格的“缩进”来表明程序的格式框架', 'Python 单层缩进代码属于之前最邻近的一行非缩进代码，多层缩进代码根据缩进关系决定所属范围', 'Python 语言的缩进可以采用 Tab 键实现', '判断、循环、函数等语法形式能够通过缩进包含一批 Python 代码，进而表达对应的语义']",A
31,Python基础,单选题,关于 Python 组合数据类型，以下选项中描述错误的是,1,"['Python 的 str、tuple 和 list 类型都属于序列类型', 'Python 组合数据类型能够将多个同类型或不同类型的数据组织起来，通过单一的表示使数据操作更有序、更容易', '组合数据类型可以分为 3 类：序列类型、集合类型和映射类型', '序列类型是二维元素向量，元素之间存在先后关系，通过序号访问']",D
32,Python基础,单选题,"下面代码的输出结果是

d ={""大海"":""蓝色"", ""天空"":""灰色"", ""大地"":""黑色""}
print(d[""大地""], d.get(""大地"", ""黄色""))",1,"['黑色 黄色', '黑色 黑色', '黑的 灰色', '黑色 蓝色']",B
33,Python基础,单选题,关于Python循环结构，以下选项中描述错误的是,1,"['每个continue语句只有能力跳出当前层次的循环', 'break用来跳出最内层for或者while循环，脱离该循环后程序从循环代码后继续执行', '遍历循环中的遍历结构可以是字符串、文件、组合数据类型和range()函数等', 'Python通过for、while等保留字提供遍历循环和无限循环结构']",A
34,Python基础,单选题,关于Python的lambda函数，以下选项中描述错误的是,1,"['lambda函数将函数名作为函数结果返回', 'f = lambda x,y:x+y 执行后，f的类型为数字类型', 'lambda用于定义简单的、能够在一行内表示的函数', '可以使用lambda函数定义列表的排序原则']",B
35,Python基础,单选题,"下面代码实现的功能描述的是

def fact(n):
    if n==0:
        return 1
    else:
        return n*fact(n-1)
num =eval(input(""请输入一个整数：""))
print(fact(abs(int(num))))",1,"['接受用户输入的整数 n，输出 n 的阶乘值', '接受用户输入的整数 n，判断 n 是否是素数并输出结论', '接受用户输入的整数 n，判断 n 是否是水仙花数', '接受用户输入的整数 n，判断 n 是否是完数并输出结论']",A
36,Python基础,单选题,以下选项中，不是Python对文件的打开模式的是,1,"[""'r'"", ""+'"", ""w'"", ""c'""]",D
37,Python基础,单选题,关于Python语言的浮点数类型，以下选项中描述错误的是,1,"['Python语言要求所有浮点数必须带有小数部分', '浮点数类型与数学中实数的概念一致', '小数部分不可以为0', '浮点数类型表示带有小数的类型']",C
38,Python基础,单选题,以下选项中，不是 Python 语言保留字的是,1,"['do', 'pass', 'except', 'while']",A
39,Python基础,单选题,"下面代码的输出结果是
print（0.1+0.2==0.3）",1,"['True', 'False', 'True', 'False']",B
40,Python基础,单选题,"给出如下代码,可以输出“python”的是 

s = 'Python is beautiful!'",1,"['print(s[:–14])', 'print(s[0:6].lower())', 'print(s[0:6])', 'print(s[–21: –14].lower)']",B
41,Python基础,单选题,关于Python注释，以下选项中描述错误的是,1,"['Python注释语句不被解释器过滤掉，也不被执行', '注释可以辅助程序调试', '注释可用于标明作者和版权信息', '注释用于解释代码原理或者用途']",A
42,Python基础,单选题,关于Python程序中与“缩进”有关的说法中，以下选项中正确的是,1,"['缩进统一为4个空格', '缩进是非强制性的，仅为了提高代码可读性', '缩进在程序中长度统一且强制使用', '缩进可以用在任何语句之后，表示语句间的包含关系']",C
43,Python基础,单选题,关于Python的数字类型，以下选项中描述错误的是,1,"['1.0是浮点数，不是整数', '复数类型虚部为0时，表示为1+0j', '整数类型的数值一定不会出现小数点', '浮点数也有十进制、二进制、八进制和十六进制等表示方式']",D
44,Python基础,单选题,"下面代码的输出结果是

z = 12.34 + 34j
print(z.imag)",1,"['12', '12.12', '34', '34.0 ']",D
45,Python基础,单选题,"下面代码的输出结果
x=10
y=3
print(divmod(x,y))",1,"['1,3', '(1,3)', '3,1', '(3,1)']",D
46,Python基础,单选题,"下面代码的执行结果是
a = 10.99
print(complex(a))",1,"['0.99', '(10.99+0j)', '10.99+0j', '10.99']",B
47,Python基础,单选题,"给出如下代码，下述代码的输出结果是
s = ""Alice""
print(s[::–1]",1,"['ALICE', 'ecilA', 'Alic', 'Alice']",B
48,Python基础,单选题,"下面代码的输出结果是
s = ""The python language is a cross platform language.""
print(s.find('language',30)",1,"['11', '40', '10', '系统报错']",B
49,Python基础,单选题,"random.uniform(a,b)的作用是",1,"['生成一个[a, b]之间的随机整数', '生成一个(a, b)之间的随机数', '生成一个[a, b]之间的随机小数', '生成一个均值为a，方差为b的正态分布']",C
50,Python基础,单选题,以下选项中描述正确的是,1,"['条件24<=28<25是不合法的', '条件24<=28<25是合法的，且输出为True', '条件35<=45<75是合法的，且输出为False', '条件24<=28<25是合法的，且输出为False']",D
51,Python基础,单选题,random库中用于生成随机小数的函数是,1,"['random()', 'randint()', 'getrandbits()', 'randrange()']",A
52,Python基础,单选题,关于递归函数基例的说明，以下选项中错误的是,1,"['递归函数的基例决定递归的深度', '每个递归函数都只能有一个基例', '递归函数必须有基例', '递归函数的基例不再进行递归']",B
53,Python基础,单选题,在Python中，关于全局变量和局部变量，以下选项中描述不正确的是,1,"['一个程序中的变量包含两类：全局变量和局部变量', '全局变量不能和局部变量重名', '全局变量一般没有缩进', '全局变量在程序执行的全过程有效']",B
54,Python基础,单选题,关于lambda函数，以下选项中描述错误的是,1,"['lambda不是Python的保留字', 'lambda函数也称为匿名函数', 'lambda函数将函数名作为函数结果返回', '定义了一种特殊的函数']",A
55,Python基础,单选题,以下选项中，对于函数的定义错误的是,1,"['def vfunc(*a,b):', 'def vfunc(a,b):', 'def vfunc(a,*b):', 'def vfunc(a,b=2):']",A
56,Python基础,单选题,关于Python的元组类型，以下选项中描述错误的是,1,"['一个元组可以作为另一个元组的元素，可以采用多级索引获取信息', '元组一旦创建就不能被修改', 'Python中元组采用逗号和圆括号（可选）来表示', '元组中元素不可以是不同类型']",D
57,Python基础,单选题,以下选项中不能生成一个空字典的是,1,"['{}', 'dict([])', '{[]}', 'dict()']",C
58,Python基础,单选题,给定字典d，以下选项中对d.keys()的描述正确的是,1,"['返回一个列表类型，包括字典d中所有键', '返回一个集合类型，包括字典d中所有键', '返回一种dict_keys类型，包括字典d中所有键', '返回一个元组类型，包括字典d中所有键']",C
59,Python基础,单选题,给定字典d，以下选项中对d.values()的描述正确的是,1,"['返回一种dict_values类型，包括字典d中所有值', '返回一个集合类型，包括字典d中所有值', '返回一个元组类型，包括字典d中所有值', '返回一个列表类型，包括字典d中所有值']",A
60,Python基础,单选题,给定字典d，以下选项中对d.items()的描述正确的是,1,"['返回一种dict_items类型，包括字典d中所有键值对', '返回一个元组类型，每个元素是一个二元元组，包括字典d中所有键值对', '返回一个列表类型，每个元素是一个二元元组，包括字典d中所有键值对', '返回一个集合类型，每个元素是一个二元元组，包括字典d中所有键值对']",A
61,Python基础,单选题,给定字典d，以下选项中对x in d的描述正确的是,1,"['x是一个二元元组，判断x是否是字典d中的键值对', '判断x是否是字典d中的键', '判断x是否是在字典d中以键或值方式存在', '判断x是否是字典d中的值']",B
62,Python基础,单选题,"下面代码的输出结果是
dict = {'a': 1, 'b': 2, 'b': '3'};
temp = dict['b']
print(temp)",1,"['1', '{ 'b' : 2 }', '3', '2']",C
63,Python基础,单选题,关于CSV文件的描述，以下选项中错误的是,1,"['*CSV文件格式是一种通用的、相对简单的文件格式，应用于程序之间转移表格数据', '*CSV文件通过多种编码表示字符', '整个CSV文件是一个二维数据', '*CSV文件的每一行是一维数据，可以使用Python中的列表类型表示']",B
64,Python基础,单选题,关于函数的可变参数，可变参数*args传入函数时存储的类型是,1,"['dict', 'tuple', 'list', 'set']",B
65,Python基础,单选题,python不支持的数据类型有,1,"['char', 'int', 'float', 'list']",A
66,Python基础,单选题,"输出是什么
x =""foo""
y = 2
print(x+y)",1,"['foo', 'foofoo', 'foo2', 'TypeError']",D
67,Python基础,单选题,关于字符串下列说法错误的是,1,"['字符串应该视为长度为1的字符串', '字符串可以转化成数字', '既可以用单引号，也可以用双引号创建字符串', '在三引号字符串中可以包含换行回车等特殊字符']",A
68,Python基础,单选题,以下不能创建一个字典的语句是,1,"['dic1 = {}', 'dic2 = {123:345}', ""dic3 = {[1,2,3]:'uestc'}"", ""dic3 = {(1,2,3):'uestc'}""]",C
69,Python基础,单选题,下面的语句哪个会无限循环下去,1,"['for a in range(10):\n    time.sleep(10)', 'while 1<10:\n    time.sleep(10)', 'while True:\n    break', ""a = [3,-1,',']\nfor i in a[:]:\n       if not a: break""]",B
70,Python基础,单选题,以下关于循环结构的描述，错误的是,1,"['遍历循环使用for <循环变量> in <循环结构>语句，其中循环结构不能是文件', '使用range()函数可以指定for循环的次数', ' for i in range(5)表示循环5次，i的值是从0到4', '用字符串做循环结构的时候，循环的次数是字符串的长度']",A
71,Python基础,单选题,关于 Python 的分支结构，以下选项中描述错误的是,1,"['分支结构使用 if 保留字', 'Python 中 if-else 语句用来形成二分支结构', 'Python 中 if-elif-else 语句描述多分支结构', '分支结构可以向已经执行过的语句部分跳转']",D
72,Python基础,单选题,"下面代码的输出结果是
x = 12.34
print(type(x))",1,"['<class ‘int’>', '<class ‘float’>', '<class ‘bool’>', ' <class ‘complex’>']",B
73,Python基础,单选题,"下面代码的执行结果
a = 10.99
print(complex(a))",1,"['10.99+j', '10.99', '0.99', '(10.99+0j)']",D
74,Python基础,单选题,"下面代码的输出结果是
l = [“F”,“f”]
def fun(a):
    l.append(a)
return
fun(“C”)
print(l)",1,"['[‘F’, ‘f’]', '[‘C’]', '出错', '[‘F’, ‘f’, ‘C’]']",D
75,Python基础,单选题,"以下语句执行后a、b、c的值是
a = “watermelon”
b = “strawberry”
c = “cherry”
if a > b:
    c = a
    a = b
    b = c",1,"['watermelon strawberry cherry', 'watermelon cherry strawberry', 'strawberry cherry watermelon', 'strawberry watermelon watermelon']",D
76,Python基础,多选题,"函数如下

def chanageList(list):

    list.append("" end"")

print(""list"",list)

#调用

strs =['1','2']

chanageList()

print(""strs"",strs)

下面对 strs 和 list 的值输出正确的是",1,"[""strs ['1','2']"", ""list  ['1','2']"", ""list ['1','2',’end’] "", ""strs  ['1','2',’end’]  ""]","C,D"
77,Python基础,多选题,下列Python语句正确的是,1,"['min = x if x < y else y', 'max = x > y ? x : y', 'if(x>y) print(x)', 'while True:pass']","A,D"
78,Python基础,多选题,"下面的代码，哪些是输出1,2,3三个数字(多选,选错不得分)",1,"['for i in range(3): \n\n   print(i)\n\n   print(i+1)', 'aList = [0,1,2]\n\nfor i in aList:\n\n   print(i+1)', 'i = 1\n\nwhile i < 3:\n\n   print(i)\n\n   i+=1', 'for i in range(3):\n\n   print(i+1)']","B,D"
79,Python基础,多选题,下列的函数转换哪一个是正确的,1,"['int(""abcdef"")    ValueError', 'float(''') SyntaxError', 'bool((3,';')) SyntaxError', 'str(') SyntaxError']","B,D"
80,Python基础,多选题,"定义类如下：

class hello():
    def showInfo(sef):
        print(self.x)
下面描述正确的是",1,"['该类不可以实例化', '该类可以实例化', '在pycharm 工具中会出现语法错误，说self没有定义', '该类可以实例化，并且能正常通过对象调用showInfo()']","A,C"
81,Python基础,多选题,下面哪些是 有效的类构造函数？,1,"['def_Init_(self):', 'def_init_(self,var=0):', 'def_init_():', 'def_init_(self,a,b,c):']","A,B,D"
82,Python基础,多选题, Python中的注释符有那几种?,1,"['#...', '//…', '/*…*/', ""''…'''""]","A,D"
83,Python基础,多选题,哪两种文件打开效果相同?,1,"['open(filename,'r')', 'open(filename,'w+')', 'open(filename,'rb')', 'open(filename,'w')']","B,D"
84,Python基础,多选题,"Python中列表切片操作非常方便,若 m = range(100)以下哪种形式是正确的?",1,"[' m[-3]', 'm[-2:13]', 'm[::3]', 'm[2-3]']","A,B,C,D"
85,机器学习与深度学习,单选题,关于 Logit 回归和 SVM 不正确的是,1,"['Logit回归目标函数是最小化后验概率', 'Logit回归可以用于预测事件发生概率的大小', 'SVM目标是结构风险最小化', 'SVM可以有效避免模型过拟合']",A
86,机器学习与深度学习,单选题,"关于支持向量机SVM,下列说法错误的是",1,"['L2正则项，作用是最大化分类间隔，使得分类器拥有更强的泛化能力', 'Hinge 损失函数，作用是最小化经验分类错误', '分类间隔为，||w||代表向量的模', '当参数C越小时，分类间隔越大，分类错误越多，趋于欠学习']",C
87,机器学习与深度学习,单选题,决策树的父节点和子节点的熵的大小关系是什么？,1,"['决策树的父节点更大', '子节点的熵更大', '两者相等', '根据具体情况而定']",B
88,机器学习与深度学习,单选题,以下哪种方法属于判别式模型(discriminative model),1,"['隐马模型(HMM)', '朴素贝叶斯', 'LDA', '支持向量机']",D
89,机器学习与深度学习,单选题,下面关于ID3算法中说法错误的是,1,"['ID3算法要求特征必须离散化', '信息增益可以用熵，而不是GINI系数来计算', '选取信息增益最大的特征，作为树的根节点', 'ID3算法是一个二叉树模型']",D
90,机器学习与深度学习,单选题,以下属于欧式距离特性的有,1,"['旋转不变性', '尺度缩放不变性', '不受量纲影响的特性']",A
91,机器学习与深度学习,单选题,如果以特征向量的相关系数作为模式相似性测度，则影响聚类算法结果的主要因素有,1,"['已知类别样本质量', '分类准则', '量纲']",B
92,机器学习与深度学习,单选题,一监狱人脸识别准入系统用来识别待进入人员的身份，此系统一共包括识别4种不同的人员：狱警，小偷，送餐员，其他。下面哪种学习方法最适合此种应用需求：,1,"['二分类问题', '多分类问题', '层次聚类问题', 'k-中心点聚类问题', '回归问题', '结构分析问题']",B
93,机器学习与深度学习,单选题,以下说法中错误的是,1,"['SVM对噪声（如来自其他分部的噪声样本）具备鲁棒性', '在adaboost算法中，所有被分错样本的权重更新比例不相同', 'boosting和bagging都是组合多个分类器投票的方法，二者都是根据单个分类器的正确率确定其权重', '给定n个数据点，如果其中一半用于训练，一半用户测试，则训练误差和测试误差之间的差别会随着n的增加而减少的']",C
94,机器学习与深度学习,单选题,位势函数法的积累势函数K(x)的作用相当于Bayes判决中的,1,"['后验概率', '先验概率', '类概率密度', '类概率密度与先验概率的和']",A
95,机器学习与深度学习,单选题,下列哪些不特别适合用来对高维数据进行降维,1,"['LASSO', '主成分分析法', '聚类分析', '小波分析法', '线性判别法', '拉普拉斯特征映射']",C
96,机器学习与深度学习,单选题,对数几率回归（logistics regression）和一般回归分析有什么区别？,1,"['对数几率回归是设计用来预测事件可能性的', '对数几率回归可以用来度量模型拟合程度', '对数几率回归可以用来估计回归系数', '以上所有']",D
97,机器学习与深度学习,单选题,在一个n维的空间中， 最好的检测outlier(离群点)的方法是,1,"['作正态分布概率图', '作盒形图', '马氏距离', '作散点图']",C
98,机器学习与深度学习,单选题,一般，k-NN最近邻方法在（ ）的情况下效果较好,1,"['样本较多但典型性不好', '样本较少但典型性好', '样本呈团状分布', '样本呈链状分布']",B
99,机器学习与深度学习,单选题,"我们想在大数据集上训练决策树, 为了使用较少时间, 我们可以",1,"['增加树的深度', '增加学习率 (learning rate)', '减少树的深度', '减少树的数量']",C
100,机器学习与深度学习,单选题,符号集 a 、 b 、 c 、 d ，它们相互独立，相应概率为 1/2 、 1/4 、 1/8/ 、 1/16 ，其中包含信息量最小的符号是,1,"['a', 'b', 'c', 'd']",A
101,机器学习与深度学习,单选题,在数据清理中，下面哪个不是处理缺失值的方法?,1,"['估算', '整例删除', '变量删除', '成对删除']",D
102,机器学习与深度学习,单选题,逻辑回归与多元回归分析有哪些不同？,1,"['逻辑回归预测某事件发生的概率', '逻辑回归有较高的拟合效果', '逻辑回归回归系数的评估', '以上全选']",D
103,机器学习与深度学习,单选题,SVM的效率依赖于,1,"['核函数的选择', '核参数', '软间隔参数', '以上所有']",D
104,机器学习与深度学习,单选题,训练SVM的最小时间复杂度为O(n2)，那么一下哪种数据集不适合用SVM?,1,"['大数据集', '小数据集', '中等大小数据集', '和数据集大小无关']",A
105,机器学习与深度学习,单选题,关于SVM泛化误差描述正确的是,1,"['超平面与支持向量之间距离', 'SVM对未知数据的预测能力', 'SVM的误差阈值']",B
106,机器学习与深度学习,单选题,如果我使用数据集的全部特征并且能够达到100%的准确率，但在测试集上仅能达到70%左右，这说明,1,"['欠拟合', '模型很棒', '过拟合']",C
107,机器学习与深度学习,单选题,SVM中的代价参数表示,1,"['交叉验证的次数', '使用的核', '误分类与模型复杂性之间的平衡', '以上均不是']",C
108,机器学习与深度学习,单选题,SVM中使用高斯核函数之前通常会进行特征归一化，以下关于特征归一化描述不正确的是？,1,"['经过特征正则化得到的新特征优于旧特征', '特征归一化无法处理类别变量', 'SVM中使用高斯核函数时，特征归一化总是有用的']",C
109,机器学习与深度学习,单选题,假设你训练SVM后，得到一个线性决策边界，你认为该模型欠拟合。假如你想修改SVM的参数，同样达到模型不会欠拟合的效果，应该怎么做？,1,"['增大参数C', '减小参数C', '改变C并不起作用', '以上均不正确']",A
110,机器学习与深度学习,单选题,假设你训练SVM后，得到一个线性决策边界，你认为该模型欠拟合。在下次迭代训练模型时，应该考虑,1,"['增加训练数据', '减少训练数据', '计算更多变量', '减少特征']",C
111,机器学习与深度学习,单选题,下面哪个属于SVM应用,1,"['文本和超文本分类', '图像分类', '新文章聚类', '以上均是']",D
112,机器学习与深度学习,单选题,假设现在只有两个类，这种情况下SVM需要训练几次？,1,"['1', '2', '3', '4']",A
113,机器学习与深度学习,单选题,以下哪种算法不能用于降低数据的维数？,1,"['t-SNE', 'PCA', 'LDA', '都不是']",D
114,机器学习与深度学习,单选题,以下哪种技术对于减少数据集的维度会更好？,1,"['删除缺少值太多的列', '删除数据差异较大的列', '删除不同数据趋势的列', '都不是']",A
115,机器学习与深度学习,单选题,假设正在处理10类分类问题，并且想知道LDA最多可以产生几个判别向量。以下哪个是正确答案？,1,"['20', '9', '21', '11']",B
116,机器学习与深度学习,单选题,分析逻辑回归表现的一个良好的方法是AIC，它与线性回归中的R平方相似。有关AIC，以下哪项是正确的？,1,"['具有最小AIC值的模型更好', '具有最大AIC值的模型更好', '视情况而定', '以上都不是']",A
117,机器学习与深度学习,单选题,在逻辑回归输出与目标对比的情况下，以下评估指标中哪一项不适用？,1,"['AUC-ROC', '准确度', 'Logloss', '均方误差']",D
118,机器学习与深度学习,单选题,使用以下哪种算法进行变量选择？,1,"['LASSO', 'Ridge', '两者', '都不是']",A
119,机器学习与深度学习,单选题,以下哪些选项为真？,1,"['线性回归误差值必须正态分布，但是在Logistic回归的情况下，情况并非如此', '逻辑回归误差值必须正态分布，但是在线性回归的情况下，情况并非如此', '线性回归和逻辑回归误差值都必须正态分布', '线性回归和逻辑回归误差值都不能正态分布']",A
120,机器学习与深度学习,单选题,所谓几率，是指发生概率和不发生概率的比值。所以，抛掷一枚正常硬币，正面朝上的几率（odds）为多少？,1,"['0.5', '1', '都不是']",B
121,机器学习与深度学习,单选题,如果以特征向量的相关系数作为模式相似性测度，则影响聚类算法结果的主要因素有,1,"['已知类别样本质量', '分类准则', '量纲']",B
122,机器学习与深度学习,单选题,假设，下图是逻辑回归的代价函数，现在，图中有多少个局部最小值？,1,"['1', '2', '3', '4']",D
123,机器学习与深度学习,单选题,在统计模式分类问题中，当先验概率未知时，可以使用,1,"['最小损失准则', '最小最大损失准则', '最小误判概率准则']",B
124,机器学习与深度学习,单选题,影响基本K-均值算法的主要因素有,1,"['Boosting', 'Bagging', 'Stacking', 'Mapping']",B
125,机器学习与深度学习,单选题,以下不属于影响聚类算法结果的主要因素有,1,"['已知类别的样本质量', '分类准则', '特征选取', '模式相似性测度']",A
126,机器学习与深度学习,单选题,"对于任意值“x”，考虑到（） 
Logistic（x）：是任意值“x”的逻辑（Logistic）函数
Logit（x）：是任意值“x”的logit函数
Logit_inv（x）：是任意值“x”的逆逻辑函数
以下哪一项是正确的？",1,"['Logistic（x）= Logit（x）', 'Logistic（x）= Logit_inv（x）', 'Logit_inv（x）= Logit（x）', '都不是']",B
127,机器学习与深度学习,单选题,下面哪个选项中哪一项属于确定性算法？,1,"['PCA', 'K-Means', '以上都不是']",A
128,机器学习与深度学习,单选题,选择Logistic回归中的One-Vs-All方法中的哪个选项是真实的,1,"['我们需要在n类分类问题中适合n个模型', '我们需要适合n-1个模型来分类为n个类', '我们需要只适合1个模型来分类为n个类', '这些都没有']",A
129,机器学习与深度学习,单选题,"下面哪个/些超参数的增加可能会造成随机森林数据过拟合？（）
1 树的数量
2 树的深度
3 学习速率",1,"['只有 1', '只有 2', '只有 3', '都正确']",B
130,机器学习与深度学习,单选题,"下面哪一项对梯度下降（GD）和随机梯度下降（SGD）的描述是正确的？ （）
1 在 GD 和 SGD 中，每一次迭代中都是更新一组参数以最小化损失函数。
2 在 SGD 中，每一次迭代都需要遍历训练集中的所有样本以更新一次参数。
3 在 GD 中，每一次迭代需要使用整个训练集或子训练集的数据更新一个参数。",1,"['只有 1', '只有 2', '只有 3', '都正确']",A
131,机器学习与深度学习,单选题,"下面哪个/些对「类型 1（Type-1）」和「类型 2（Type-2）」错误的描述是正确的？（）
类型 1 通常称之为假正类，类型 2 通常称之为假负类。
类型 2 通常称之为假正类，类型 1 通常称之为假负类。
类型 1 错误通常在其是正确的情况下拒绝假设而出现。",1,"['只有 1', '只有 2', '只有 3', '1和3']",D
132,机器学习与深度学习,单选题,假定你在神经网络中的隐藏层中使用激活函数假定你在神经网络中的隐藏层中使用激活函数 X。在特定神经元给定任意输入，你会得到输出「-0.0001」。X 可能是以下哪一个激活函数？,1,"['ReLU', 'tanh', 'SIGMOID', '以上都是']",B
133,机器学习与深度学习,单选题,"假定你正在处理类属特征，并且没有查看分类变量在测试集中的分布。现在你想将 one hot encoding（OHE）应用到类属特征中。
那么在训练集中将 OHE 应用到分类变量可能要面临的困难是什么？",1,"['分类变量所有的类别没有全部出现在测试集中', '类别的频率分布在训练集和测试集是不同的', '训练集和测试集通常会有一样的分布', 'A 和 B 都正确']",D
134,机器学习与深度学习,单选题,在线性回归问题中，我们用“R方”来衡量拟合的好坏。在线性回归模型中增加特征值并再训练同一模型。下列哪一项是正确的？,1,"['如果R方上升，则该变量是显著的', '如果R方下降，则该变量不显著', '单单R方不能反映变量重要性，不能就此得出正确结论', '都不正确']",C
135,机器学习与深度学习,单选题,假设线性回归模型完美拟合训练数据（即训练误差为零），则下列哪项是正确的？,1,"['测试误差一定为零', '测试误差一定不为零', '以上都不对']",C
136,机器学习与深度学习,单选题,"导出线性回归的参数时，我们做出下列哪种假定？（）
1.因变量y和自变量x的真实关系是线性的
2.模型误差是统计独立的
3.误差通常服从一个平均值为零，标准差恒定的分布
4.自变量x是非随机的，无错的",1,"['1,2和3', '1,3和4', '1和3', '以上都对']",D
137,机器学习与深度学习,单选题,下列哪一项说明了X，Y之间的较强关系,1,"['相关系数为0.9', 'Beta系数为0的空假设的p-value是0.0001', 'Beta系数为0的空假设的t统计量是30', '都不对']",A
138,机器学习与深度学习,单选题,下列关于异方差性哪项是正确的？,1,"['线性回归有变化的误差项', '线性回归有恒定的误差项', '线性回归有零误差项', '以上都不对']",A
139,机器学习与深度学习,单选题,"我们可以通过一种叫“正规方程”的分析方法来计算线性回归的相关系数，下列关于“正规方程”哪一项是正确的？( )
1.我们不必选择学习比率
2.当特征值数量很大时会很慢
3.不需要迭代",1,"['1和2', '1和3', '2和3', '1,2和3']",D
140,机器学习与深度学习,单选题,"下列哪项可以评价回归模型？（ ）
1.R方
2.调整R方
3.F统计量
4.RMSE/MSE/MAE",1,"['2和4', '1和2', '2,3和4', '以上所有']",D
141,机器学习与深度学习,单选题,关于Ridge和Lasso回归在特征值选择上的方法，一下哪项正确？,1,"['Ridge回归使用特征值的子集选择', 'Lasso回归使用特征值的子集选择', '二者都使用特征值的子集选择', '以上都不正确']",B
142,机器学习与深度学习,单选题,"X轴是自变量，Y 轴是因变量
下列对A，B各自残差和的陈述哪项正确？",1,"['A比B高', 'A比B低', '两者相同', '以上都不对']",C
143,机器学习与深度学习,单选题,为了评价一个简单线性回归模型（单自变量），需要多少个参数？,1,"['1', '2', '不确定']",B
144,机器学习与深度学习,单选题,"关于回归和相关，下列哪项是正确的？(  )
提示：y是因变量，x是自变量",1,"['在两者中，x、y关系都是对称的', '在两者中，x、y关系都是不对称的', 'x、y在相关情况下不对称，在回归中对称', 'x、y在相关情况下对称，在回归中不对称']",D
145,机器学习与深度学习,单选题,"假设用一个复杂回归模型拟合一个数据集，使用带固定参数lambda的Ridge回归来减小它的复杂度，
下列哪项描述了偏差和方差与lambda的关系？",1,"['对于非常大的lambda，偏差很小，方差很小', '对于非常大的lambda，偏差很小，方差很大', '对于非常大的lambda，偏差很大，方差很小', '对于非常大的lambda，偏差很大，方差很大']",C
146,机器学习与深度学习,单选题,下列哪一种回归方法的相关系数没有闭式解？,1,"['Ridge回归', 'Lasso回归', 'Ridge回归 and Lasso回归', '两者都不是']",B
147,机器学习与深度学习,单选题,下列哪一个项对欠拟合和过拟合的权衡影响最大？,1,"['多项式次数', '是否通过矩阵倒置或梯度下降来学习权重', '使用常数项']",A
148,机器学习与深度学习,单选题,假设使用逻辑回归模型处理n元分类问题，可以用到One-vs-rest方法，则下列哪一项是正确的？,1,"['在n元分类问题中，需要拟合n个模型', '为了分类为n类，需要拟合n-1个模型', '为了分类为n类，只需要拟合1个模型', '都不正确']",A
149,机器学习与深度学习,单选题,考虑线性回归和逻辑回归中的重量/相关系数，关于cost函数的偏导，下列哪一项是正确的？,1,"['都不一样', '都一样', '无法确定', '以上都不对']",B
150,机器学习与深度学习,单选题,"逻辑回归是输出结果落在[0,1]区间内，下列哪个函数用于转换概率，使其落入[0,1]？",1,"['Sigmoid', 'Mode', 'Square', 'Probit']",A
151,机器学习与深度学习,单选题,下列关于回归分析中的残差表述正确的是,1,"['残差的平均值总为零', '残差的平均值总小于零', '残差的平均值总大于零', '残差没有此类规律']",C
152,机器学习与深度学习,单选题,在线性回归问题中，我们用R方“R-squared”来衡量拟合的好坏。在线性回归模型中增加特征值并再训练同一模型。下列哪一项是正确的？,1,"['如果R方上升，则该变量是显著的', '如果R方下降，则该变量不显著', '单单R方不能反映变量重要性，不能就此得出正确结论', '都不正确']",C
153,机器学习与深度学习,单选题,假设线性回归模型完美拟合训练数据（即训练误差为零），则下列哪项是正确的？,1,"['测试误差一定为零', '测试误差一定不为零', '以上都不对']",C
154,机器学习与深度学习,单选题,一个人年龄和健康之间的相关系数是-1.09，据此可以得出,1,"['年龄是健康预测的好的参考量', '年龄是健康预测的不好的参考量', '都不对']",C
155,机器学习与深度学习,单选题,"下列哪种方法被用于预测因变量？( )
1.线性回归
2.逻辑回归",1,"['1和2', '1', '2', '都不是']",B
156,机器学习与深度学习,单选题,为了检验连续变量x，y之间的线性关系，下列哪种图最合适？,1,"['散点图', '条形图', '直方图', '都不对']",A
157,机器学习与深度学习,单选题,"在导出线性回归的参数时，我们做出下列哪种假定？( )
1.因变量y和自变量x的真实关系是线性的
2.模型误差是统计独立的
3.误差通常服从一个平均值为零，标准差恒定的分布
4.自变量x是非随机的，无错的",1,"['1,2 and 3', '1,3 and 4', '1 and 3', '以上都对']",D
158,机器学习与深度学习,单选题,下列哪一项说明了X，Y之间的较强关系？,1,"['相关系数为0.9', 'Beta系数为0的空假设的p-value是0.0001', 'Beta系数为0的空假设的t统计量是30', '都不对']",A
159,机器学习与深度学习,单选题,"下列哪项可以评价回归模型？( )
1.R方R Squared
2.调整R方
3.F统计量
4.RMSE/MSE/MAE",1,"['2和4', '1和2', '2,3和4', '以上所有']",D
160,机器学习与深度学习,单选题,"假设你在训练一个线性回归模型，以下哪项是正确的？( )
1.数据越少越易过拟合
2.假设区间小则易过拟合",1,"['都是错的', '1错2对', '1对2错', '都是对的']",C
161,机器学习与深度学习,单选题,为了评价一个简单线性回归模型（单自变量），需要多少个参数？,1,"['1', '2', '不确定']",B
162,机器学习与深度学习,单选题,将原始数据进行集成、变换、维度规约、数值规约是在以下哪个步骤的任务？,1,"['频繁模式挖掘', '分类和预测', '数据预处理', '数据流挖掘']",C
163,机器学习与深度学习,单选题,下面哪种不属于数据预处理的方法？,1,"['变量代换', '离散化', '聚集', '估计遗漏值']",D
164,机器学习与深度学习,单选题,什么是KDD？,1,"['数据挖掘与知识发现', '领域知识发现', '文档知识发现', '动态知识发现']",A
165,机器学习与深度学习,单选题,建立一个模型，通过这个模型根据已知的变量值来预测其他某个变量值属于数据挖掘的哪一类任务？,1,"['根据内容检索', '建模描述', '预测建模', '寻找模式和规则']",C
166,机器学习与深度学习,单选题,以下哪种方法不属于特征选择的标准方法？,1,"['嵌入', '过滤', '包装', '抽样']",D
167,机器学习与深度学习,单选题,下列属于无监督学习的是,1,"['k-means', 'SVM', '最大熵', 'CRF']",A
168,机器学习与深度学习,单选题,下列不是SVM核函数的是：,1,"['多项式核函数', 'Logistic核函数', '径向基核函数', 'Sigmoid核函数']",B
169,机器学习与深度学习,单选题,bootstrap数据是什么意思？（提示：考“bootstrap”和“boosting”区别）,1,"['有放回地从总共M个特征中抽样m个特征', '无放回地从总共M个特征中抽样m个特征', '有放回地从总共N个样本中抽样n个样本', '无放回地从总共N个样本中抽样n个样本']",C
170,机器学习与深度学习,单选题,解决隐马模型中预测问题的算法是?,1,"['前向算法', '后向算法', 'Baum-Welch算法', '维特比算法']",D
171,机器学习与深度学习,单选题,". 以下哪些算法, 可以用神经网络去构造: （ ） 
1.KNN 
2.线性回归 
3.对数几率回归",1,"['1和 2', '2 和 3', '1, 2 和 3', '以上都不是']",B
172,机器学习与深度学习,单选题,请选择下面可以应用隐马尔科夫(HMM)模型的选项,1,"['基因序列数据集', '电影浏览数据集', '股票市场数据集', '所有以上']",D
173,机器学习与深度学习,单选题,数据科学家可能会同时使用多个算法（模型）进行预测， 并且最后把这些算法的结果集成起来进行最后的预测（集成学习），以下对集成学习说法正确的是,1,"['单个模型之间有高相关性', '单个模型之间有低相关性', '在集成学习中使用“平均权重”而不是“投票”会比较好', '单个模型都是用的一个算法']",B
174,机器学习与深度学习,单选题,以下哪个图是KNN算法的训练边界?,1,"['B', 'A', 'D', 'C']",B
175,机器学习与深度学习,单选题,"对于线性回归，我们应该有以下哪些假设？（） 
1.找到利群点很重要, 因为线性回归对利群点很敏感 
2.线性回归要求所有变量必须符合正态分布 
3.线性回归假设数据没有多重线性相关性",1,"['1 和 2', '2 和 3', '1,2 和 3', '以上都不是']",D
176,机器学习与深度学习,单选题,"我们注意变量间的相关性。在相关矩阵中搜索相关系数时, 如果我们发现3对变量的相关系数是(Var1 和Var2, Var2和Var3, Var3和Var1)是-0.98, 0.45, 1.23 . 我们可以得出什么结论？（ ） 
1.Var1和Var2是非常相关的 
2.因为Var和Var2是非常相关的, 我们可以去除其中一个 
3.Var3和Var1的1.23相关系数是不可能的",1,"['1 and 3', '1 and 2', '1,2 and 3', '1']",C
177,机器学习与深度学习,单选题,下面对集成学习模型中的弱学习者描述错误的是？,1,"['他们经常不会过拟合', '他们通常带有高偏差，所以其并不能解决复杂学习问题', '他们通常会过拟合']",C
178,机器学习与深度学习,单选题,最出名的降维算法是 PAC 和 t-SNE。将这两个算法分别应用到数据「X」上，并得到数据集「X_projected_PCA」，「X_projected_tSNE」。下面哪一项对「X_projected_PCA」和「X_projected_tSNE」的描述是正确的？,1,"['X_projected_PCA 在最近邻空间能得到解释', 'X_projected_tSNE 在最近邻空间能得到解释', '两个都在最近邻空间能得到解释', '两个都不能在最近邻空间得到解释']",B
179,机器学习与深度学习,单选题,在 k-均值算法中，以下哪个选项可用于获得全局最小？,1,"['尝试为不同的质心（centroid）初始化运行算法', '调整迭代的次数', '找到集群的最佳数量', '以上所有']",D
180,机器学习与深度学习,单选题,你正在使用带有 L1 正则化的 logistic 回归做二分类，其中 C 是正则化参数，w1 和 w2 是 x1 和 x2 的系数。当你把 C 值从 0 增加至非常大的值时，下面哪个选项是正确的？,1,"['第一个 w2 成了 0，接着 w1 也成了 0', '第一个 w1 成了 0，接着 w2 也成了 0', 'w1 和 w2 同时成了 0', '即使在 C 成为大值之后，w1 和 w2 都不能成 0']",B
181,机器学习与深度学习,单选题,即使在 C 成为大值之后，w1 和 w2 都不能成 0,1,"['PCA', 'K-Means', '以上都不是']",A
182,机器学习与深度学习,单选题,下面哪个/些超参数的增加可能会造成随机森林数据过拟合？,1,"['树的数量', '树的深度', '学习速率']",B
183,机器学习与深度学习,单选题,下列哪个不属于常用的文本分类的特征选择算法？,1,"['卡方检验值', '互信息', '信息增益', '主成分分析']",D
184,机器学习与深度学习,单选题,机器学习中做特征选择时，可能用到的方法有？,1,"['卡方', '信息增益', '平均互信息', '期望交叉熵', '以上都有']",E
185,机器学习与深度学习,单选题,一般，K-NN最近邻方法在（  ）的情况下效果较好,1,"['样本较多但典型性不好', '样本呈团状分布', '样本较少但典型性好', '样本呈链状分布']",A
186,机器学习与深度学习,单选题,以下描述错误的是,1,"['SVM是这样一个分类器，它寻找具有最小边缘的超平面，因此它也经常被称为最小边缘分类器', '在聚类分析当中，簇内的相似性越大，簇间的差别越大，聚类的效果就越差', '在决策树中，随着树中结点输变得太大，即使模型的训练误差还在继续降低，但是检验误差开始增大，这是出现了模型拟合不足的原因', '聚类分析可以看作是一种非监督的分类']",C
187,机器学习与深度学习,单选题,"关于正态分布,下列说法错误的是",1,"['正态分布具有集中性和对称性', '正态分布的均值和方差能够决定正态分布的位置和形态', '正态分布的偏度为0，峰度为1', '标准正态分布的均值为0，方差为1']",C
188,机器学习与深度学习,单选题,"在以下不同的场景中,使用的分析方法不正确的有",1,"['根据商家最近一年的经营及服务数据,用聚类算法判断出天猫商家在各自主营类目下所属的商家层级', '根据商家近几年的成交数据,用聚类算法拟合出用户未来一个月可能的消费金额公式', '用关联规则算法分析出购买了汽车坐垫的买家,是否适合推荐汽车脚垫', '根据用户最近购买的商品信息,用决策树算法识别出淘宝买家可能是男还是女']",B
189,机器学习与深度学习,单选题,下列表述中，在k-fold交叉验证中关于选择K说法正确的是,1,"['较大的K并不总是好的，选择较大的K可能需要较长的时间来评估你的结果', '相对于期望误差来说，选择较大的K会导致低偏差（因为训练folds会变得与整个数据集相似）', '在交叉验证中通过最小化方差法来选择K值', '以上都正确']",D
190,机器学习与深度学习,单选题,在决策树中，用作分裂节点的information gain说法不正确的是,1,"['较小不纯度的节点需要更多的信息来区分总体', '信息增益可以使用熵得到', '信息增益更加倾向于选择有较多取值的属性']",A
191,机器学习与深度学习,单选题,以下哪一种方法最适合在n（n>1）维空间中做异常点检测,1,"['正态分布图', '盒图', '马氏距离', '散点图']",C
192,机器学习与深度学习,单选题,logistic回归与多元回归分析有哪些不同？,1,"['logistic回归预测某事件发生的概率', 'logistic回归有较高的拟合效果', 'logistic回归回归系数的评估', '以上全选']",D
193,机器学习与深度学习,单选题,bootstrap 数据的含义是,1,"['有放回的从整体M中抽样m个特征', '无放回的从整体M中抽样m个特征', '有放回的从整体N中抽样n个样本', '无放回的从整体N中抽样n个样本']",C
194,机器学习与深度学习,单选题,下面哪个决策边界是神经网络生成的？,2,"['A', 'D', 'C', 'B', '以上都有']",E
195,机器学习与深度学习,单选题,关于Logit 回归和SVM 不正确的是,2,"['Logit回归本质上是一种根据样本对权值进行极大似然估计的方法，而后验概率正比于先验概率和似然函数的乘积。logit仅仅是最大化似然函数，并没有最大化后验概率，更谈不上最小化后验概率', 'Logit回归的输出就是样本属于正类别的几率，可以计算出概率', 'SVM的目标是找到使得训练数据尽可能分开且分类间隔最大的超平面，应该属于结构风险最小化', 'SVM可以通过正则化系数控制模型的复杂度，避免过拟合']",A
196,机器学习与深度学习,单选题," Fisher线性判别函数的求解过程是将M维特征矢量投影在（ ）中进行求解。
A、M-1维空间",2,"['M-1维空间', '一维空间', '三维空间', '二维空间']",B
197,机器学习与深度学习,单选题,在其它条件不变的前提下，以下哪种做法容易引起机器学习中的过拟合问题,2,"['增加训练集数量', '减少神经网络隐藏层节点数', '删除稀疏的特征', 'SVM算法中使用高斯核/RBF核代替']",D
198,机器学习与深度学习,单选题,如果线性回归模型中的随机误差存在异方差性，那么参数的OLS估计量是,2,"['无偏的，有效的', '无偏的，非有效的', '有偏的，有效的', '有偏的，非有效的']",B
199,机器学习与深度学习,单选题,下列哪个不属于CRF模型对于HMM和MEMM模型的优势,2,"['特征灵活', '速度快', '可容纳较多上下文信息', '全局最优']",B
200,机器学习与深度学习,单选题,"已知一组数据的协方差矩阵P,下面关于主分量说法错误的是",2,"['主分量分析的最佳准则是对一组数据进行按一组正交基分解, 在只取相同数量分量的条件下,以均方误差计算截尾误差最小', '在经主分量分解后,协方差矩阵成为对角矩阵', '主分量分析就是K-L变换', '主分量是通过求协方差矩阵的特征值得到']",C
201,机器学习与深度学习,单选题,以下哪些方法不可以直接来对文本分类？,2,"['Kmeans', '决策树', '支持向量机', 'KNN']",A
202,机器学习与深度学习,单选题,以下(  )不属于线性分类器最佳准则？,2,"['感知准则函数', '贝叶斯分类', '支持向量机', 'Fisher准则']",B
203,机器学习与深度学习,单选题,在统计模式分类问题中，当先验概率未知时，可以使用,2,"['最小损失准则', '最小最大损失准则', '最小误判概率准则']",B
204,机器学习与深度学习,单选题,"有两个样本点，第一个点为正样本,它的特征向量是(0,-1);第二个点为负样本,它的特征向量是(2,3),从这两个样本点组成的训练集构建一个线性SVM分类器的分类面方程是",2,"['2x+y=4', 'x+2y=5', 'x+2y=3', '2x-y=0']",C
205,机器学习与深度学习,单选题,"在Logistic Regression 中,如果同时加入L1和L2范数,不会产生什么效果",2,"['以做特征选择,并在一定程度上防止过拟合', '能解决维度灾难问题', '能加快计算速度', '可以获得更准确的结果']",D
206,机器学习与深度学习,单选题,在其他条件不变的前提下，以下哪种做法容易引起机器学习中的过拟合问题？,2,"['增加训练集量', '减少神经网络隐藏层节点数', '删除稀疏的特征', 'SVM算法中使用高斯核/RBF核代替线性核']",D
207,机器学习与深度学习,单选题,隐马尔可夫模型三个基本问题以及相应的算法说法错误的是,2,"['评估—前向后向算法', '解码—维特比算法', '学习—Baum-Welch算法', '学习—前向后向算法']",D
208,机器学习与深度学习,单选题,假设在训练中我们突然遇到了一个问题，在几次循环之后，误差瞬间降低。你认为数据有问题，于是你画出了数据并且发现也许是数据的偏度过大造成了这个问题，你打算怎么做来处理这个问题？,3,"['对数据作归一化', '对数据取对数变化', '都不对 ', '对数据作主成分分析(PCA)和归一化']",D
209,机器学习与深度学习,单选题,"使用k=1的KNN算法, 下图二类分类问题, “+” 和 “o” 分别代表两个类, 那么, 用仅拿出一个测试样本的交叉验证方法, 交叉验证的错误率是多少",3,"['0%', '100%', '0%-100%', '以上都不是']",B
210,机器学习与深度学习,单选题,"有两个样本点，第一个点为正样本,它的特征向量是(0,-1);第二个点为负样本,它的特征向量是(2,3),从这两个样本点组成的训练集构建一个线性SVM分类器的分类面方程是",3,"['2x+y=4', 'x+2y=5', 'x+2y=3', '2x-y=0']",C
211,机器学习与深度学习,单选题,以P(w)表示词条w的概率，假设已知P（南京）=0.8，P（市长）=0.6，P（江大桥）=0.4：P（南京市）=0.3，P（长江大桥）=0.5：如果假设前后两个词的出现是独立的，那么分词结果就是,3,"['南京市*长江*大桥', '南京*市长*江大桥', '南京市长*江大桥', '南京市*长江大桥']",B
212,机器学习与深度学习,单选题,"一个二进制源X发出符号集为{-1,1}，经过离散无记忆信道传输，由于信道中噪音的存在，接收端Y收到符号集为{-1,1,0}。已知P(x=-1)=1/4，P(x=1)=3/4，P(y=-1|x=-1)=4/5，P(y=0|x=-1)=1/5，P(y=1|x=1)=3/4，P(y=0|x=1)=1/4，求条件熵H(Y|X)",3,"['0.237', '0.328', '0.527', '0.537']",A
213,机器学习与深度学习,单选题,"Nave Bayes是一种特殊的Bayes分类器,特征变量是X,类别标签是C,它的一个假定是",3,"['各类别的先验概率P(C)是相等的', '以0为均值，sqr(2)/2为标准差的正态分布', '特征变量X的各个维度是类别条件独立随机变量', 'P(X|C)是高斯分布']",C
214,机器学习与深度学习,单选题,假定你使用SVM学习数据X，数据X里面有些点存在错误。现在如果你使用一个二次核函数，多项式阶数为2，使用松弛变量C作为超参之一。如果使用较小的C（C趋于0），则,3,"['误分类', '正确分类', '不确定', '以上均不正确']",A
215,机器学习与深度学习,单选题,对于投影数据为(( √2)，(0)，(√2))。现在如果在二维空间中重建，并将它们视为原始数据点的重建，那么重建误差是多少？,3,"['0%', '10%', '30%', '40%']",A
216,机器学习与深度学习,单选题,"Xi和Xj是较高维度表示中的两个不同点，其中Yi和Yj是较低维度中的Xi和Xj的表示
1.数据点Xi与数据点Xj的相似度是条件概率p（j | i）
2.数据点Yi与数据点Yj的相似度是条件概率q（j | i）
对于在较低维度空间中的Xi和Xj的完美表示，以下哪一项必须是正确的？",3,"['p（j | i）= 0，q（j | i）= 1', 'p（j | i）', 'p（j | i）= q（j | i）', 'P（j | i）> q（j | i）']",C
217,机器学习与深度学习,单选题,"如下逻辑回归图显示了3种不同学习速率值的代价函数和迭代次数之间的关系（不同的颜色在不同的学习速率下显示不同的曲线）
为了参考而保存图表后，忘记其中不同学习速率的值。现在需要曲线的倾斜率值之间的关系。
以下哪一个是正确的？
1.蓝色的学习率是L1
2.红色的学习率是L2
3.绿色学习率为lL3",3,"['L1> L2> L3', 'L1 = L2 = L3', 'L1', '都不是']",C
218,机器学习与深度学习,单选题,"以下是两种不同的对数模型，分别为β0和β1
对于两种对数模型（绿色，黑色）的β0和β1值，下列哪一项是正确的？ B 
注： Y =β0+β1* X。其中β0是截距，β1是系数",3,"['绿色的β1大于黑色', '绿色的β1小于黑色', '两种颜色的β1相同']",B
219,机器学习与深度学习,单选题,"下面是三个散点图（A，B，C，从左到右）和和手绘的逻辑回归决策边界,根据可视化后的结果，能得出什么结论？
1.与第二和第三图相比，第一幅图中的训练误差最大。
2.该回归问题的最佳模型是最后（第三个）图，因为它具有最小的训练误差（零）。
3.第二个模型比第一个和第三个更强，它在不可见数据中表现最好。
4.与第一种和第二种相比，第三种模型过度拟合了。
5.所有的模型执行起来都一样，因为没有看到测试数据。",3,"['1和3', '2和3', '1,3和4', '5']",A
220,机器学习与深度学习,单选题,"使用 high(infinite) regularisation时偏差会如何变化？
有散点图“a”和“b”两类（蓝色为正，红色为负）。在散点图“a”中，使用了逻辑回归（黑线是决策边界）对所有数据点进行了正确分类",3,"['偏差很大', '偏差很小', '不确定', '都不是']",A
221,机器学习与深度学习,单选题,假定你想将高维数据映射到低维数据中，那么最出名的降维算法是 PCA 和 t-SNE。现在你将这两个算法分别应用到数据「X」上，并得到数据集「X_projected_PCA」，「X_projected_tSNE」下面哪一项对「X_projected_PCA」和「X_projected_tSNE」的描述是正确的？,3,"['X_projected_PCA 在最近邻空间能得到解释', 'X_projected_tSNE 在最近邻空间能得到解释', '两个都在最近邻空间能得到解释', '两个都不能在最近邻空间得到解释']",B
222,机器学习与深度学习,单选题,为了得到和 SVD 一样的投射（projection），你需要在 PCA 中怎样做？,3,"['将数据转换成零均值', '将数据转换成零中位数', '无法做到', '以上方法不行']",A
223,机器学习与深度学习,单选题,"假设我们有一个数据集，在一个深度为 6 的决策树的帮助下，它可以使用 100% 的精确度被训练。现在考虑一下两点，并基于这两点选择正确的选项。 
注意：所有其他超参数是相同的，所有其他因子不受影响。
1、深度为 4 时将有高偏差和低方差
2、深度为 4 时将有低偏差和低方差",3,"['只有1', '只有2', '1和2', '都没有']",A
224,机器学习与深度学习,单选题,假设你被给到以下数据，你想要在给定的两个类别中使用 logistic 回归模型对它进行分类，你正在使用带有 L1 正则化的 logistic 回归，其中 C 是正则化参数，w1 和 w2 是 x1 和 x2 的系数。当你把 C 值从 0 增加至非常大的值时，下面哪个选项是正确的？,3,"['第一个 w2 成了 0，接着 w1 也成了 0', '第一个 w1 成了 0，接着 w2 也成了 0', 'w1 和 w2 同时成了 0', '即使在 C 成为大值之后，w1 和 w2 都不能成 0']",B
225,机器学习与深度学习,单选题,"假设存在一个黑箱算法，其输入为有多个观察（t1, t2, t3,…….. tn）的训练数据和一个新的观察（q1）。该黑箱算法输出 q1 的最近邻 ti 及其对应的类别标签 ci。你可以将这个黑箱算法看作是一个 1-NN（1-最近邻）
我们不使用 1-NN 黑箱，而是使用 j-NN(j>1) 算法作为黑箱。为了使用 j-NN 寻找 k-NN，下面哪个选项是正确的？",3,"[' j 必须是 k 的一个合适的因子', 'j > k', '不能办到']",A
226,机器学习与深度学习,单选题,"假设你正在做一个项目，它是一个二元分类问题。你在数据集上训练一个模型，并在验证数据集上得到混淆矩阵。基于上述混淆矩阵，下面哪个选项会给你正确的预测。
1、精确度是~0.91
2 、错误分类率是~0.91
3 、假正率（False correct classification）是~0.95
4 、真正率（True positive rate）是~0.95",3,"['1和3', '2和4', '1和4', '2和3']",C
227,机器学习与深度学习,单选题," Y的预期值是关于变量X(X1,X2….Xn)的线性函数，回归线定义为Y = β0 + β1 X1 + β2 X2……+ βn Xn，下列陈述哪项正确？(D)
1.如果Xi的变化量为 Xi，其它为常量，则Y的变化量为βi Xi，常量βi可以为正数或负数
2. βi 的值都是一样的，除非是其它X的βi
3.X对Y预期值的总影响为每个分影响之和
提示：特征值间相互独立，互不干扰",3,"['1和2', '1和3', '2和3', '1，2和3']",D
228,机器学习与深度学习,单选题," Nave Bayes是一种特殊的Bayes分类器,特征变量是X,类别标签是C,它的一个假定是",3,"['各类别的先验概率P(C)是相等的', '以0为均值，sqr(2)/2为标准差的正态分布', '特征变量X的各个维度是类别条件独立随机变量', 'P(X|C)是高斯分布']",C
229,机器学习与深度学习,单选题,"我们想在大数据集上训练决策树, 为了使用较少时间, 我们可以 ",3,"['增加树的深度', '增加学习率 (learning rate)', '减少树的深度', '减少树的数量']",C
230,机器学习与深度学习,单选题,在一个n维的空间中， 最好的检测outlier(离群点)的方法是,3,"['作正态分布概率图', '作盒形图', '马氏距离', '作散点图']",C
231,机器学习与深度学习,单选题,"已知一组数据的协方差矩阵P,下面关于主分量说法错误的是",3,"['主分量分析的最佳准则是对一组数据进行按一组正交基分解, 在只取相同数量分量的条件下,以均方误差计算截尾误差最小', '在经主分量分解后,协方差矩阵成为对角矩阵', '主分量分析就是K-L变换', '主分量是通过求协方差矩阵的特征值得到']",C
232,机器学习与深度学习,单选题,"回归模型中存在多重共线性, 你如何解决这个问题？
1.去除这两个共线性变量 
2.我们可以先去除一个共线性变量 
3.计算VIF(方差膨胀因子), 采取相应措施 
4.为了避免损失信息, 我们可以使用一些正则化方法, 比如, 岭回归和lasso回归. 
哪些是对的？",3,"['1', '2', '2和3', '2，3和4']",D
233,机器学习与深度学习,单选题,"模型的高bias是什么意思, 我们如何降低它 ?",3,"['在特征空间中减少特征', '在特征空间中增加特征', '增加数据点', 'B和C']",B
234,机器学习与深度学习,单选题,"对于信息增益, 决策树分裂节点, 下面说法正确的是
1.纯度高的节点需要更多的信息去区分 
2.信息增益可以用”1比特-熵”获得 
3.如果选择一个属性具有许多归类值, 那么这个信息增益是有偏差的",3,"['1', '2', '2和3', '所有']",C
235,机器学习与深度学习,单选题,"假设我们要解决一个二类分类问题, 我们已经建立好了模型, 输出是0或1, 初始时设阈值为0.5, 超过0.5概率估计, 就判别为1, 否则就判别为0 ; 如果我们现在用另一个大于0.5的阈值, 那么现在关于模型说法, 正确的是
1模型分类的召回率会降低或不变 
2.模型分类的召回率会升高 
3.模型分类准确率会升高或不变 
4.模型分类准确率会降低",3,"['1', '2', '1和3', '2和4']",C
236,机器学习与深度学习,单选题,"“点击率问题”是这样一个预测问题, 99%的人是不会点击的, 而1%的人是会点击进去的, 所以这是一个非常不平衡的数据集. 假设, 现在我们已经建了一个模型来分类, 而且有了99%的预测准确率, 我们可以下的结论是 ",3,"['模型预测准确率已经很高了, 我们不需要做什么了', '模型预测准确率不高, 我们需要做点什么改进模型', '无法下结论', '以上都不对']",B
237,机器学习与深度学习,单选题,"假如我们使用非线性可分的SVM目标函数作为最优化对象, 我们怎么保证模型线性可分？",3,"['设C=1', '设C=0', '设C=无穷大', '都不对']",C
238,机器学习与深度学习,单选题,"我们想要减少数据集中的特征数, 即降维. 选择以下适合的方案
1.使用前向特征选择方法 
2.使用后向特征排除方法 
3.我们先把所有特征都使用, 去训练一个模型, 得到测试集上的表现. 然后我们去掉一个特征, 再去训练, 用交叉验证看看测试集上的表现. 如果表现比原来还要好, 我们可以去除这个特征 
4.查看相关性表, 去除相关性最高的一些特征",3,"['1 和 2', '2, 3和4', '1, 2和4', 'all']",D
239,机器学习与深度学习,单选题,"对于下图, 最好的主成分选择是多少 ?",3,"['7', '30', '35', '不确定']",B
240,机器学习与深度学习,单选题,"对应GradientBoosting tree算法， 以下说法正确的是
1.当增加最小样本分裂个数，我们可以抵制过拟合 
2.当增加最小样本分裂个数，会导致过拟合 
3.当我们减少训练单个学习器的样本个数，我们可以降低variance 
4.当我们减少训练单个学习器的样本个数，我们可以降低bias",3,"['2和4', '2和3', '1和3', '1和4']",C
241,机器学习与深度学习,单选题,"下面的交叉验证方法 : 
i. 有放回的Bootstrap方法 
ii. 留一个测试样本的交叉验证 
iii. 5折交叉验证 
iv. 重复两次的5折交叉验证 
当样本是1000时，下面执行时间的顺序，正确的是",3,"['i > ii > iii > iv', 'ii > iv > iii > i', 'iv > i > ii > iii', ' ii > iii > iv > i']",B
242,机器学习与深度学习,单选题,"变量选择是用来选择最好的判别器子集， 如果要考虑模型效率，我们应该做哪些变量选择的考虑？
1.多个变量其实有相同的用处 
2.变量对于模型的解释有多大作用 
3.特征携带的信息 
4.交叉验证",3,"['1 和 4', '1，2和3', '1，3和4', '以上都有']",C
243,机器学习与深度学习,单选题,为了得到和 SVD 一样的投射（projection），你需要在 PCA 中怎样做？,3,"['将数据转换成零均值', '将数据转换成零中位数', '无法做到']",A
244,机器学习与深度学习,单选题,假设你使用 log-loss 函数作为评估标准。下面这些选项，哪些是对作为评估标准的 log-loss 的正确解释,3,"['如果一个分类器对不正确的分类很自信，log-loss 会严重的批评它', '对一个特别的观察而言，分类器为正确的类别分配非常小的概率，然后对 log-loss 的相应分布会非常大', 'log-loss 越低，模型越好', '以上都是']",D
245,机器学习与深度学习,单选题,"影推荐系统是以下哪些的应用实例
1 分类
2 聚类
3 强化学习
4 回归",3,"['只有2', '1和2', '1和3', '2和3', '1 2 3', '1 2 3 4']",E
246,机器学习与深度学习,单选题,对于一个图像识别问题(在一张照片里找出一只猫)，下面哪种神经网络可以更好地解决这个问题？,3,"['循环神经网络', '感知机', '多层感知机', '卷积神经网络']",D
247,机器学习与深度学习,单选题,当在卷积神经网络中加入池化层(pooling layer)时，变换的不变性会被保留，是吗？,3,"['不知道', '看情况', '是', '否']",C
248,机器学习与深度学习,单选题,如果我们用了一个过大的学习速率会发生什么？,3,"['神经网络会收敛', '不好说', '都不对 ', '神经网络不会收敛']",D
249,机器学习与深度学习,单选题,在一个神经网络中，下面哪种方法可以用来处理过拟合？,3,"['Dropout', '分批归一化(Batch Normalization)', '正则化(regularization)', '都可以']",D
250,机器学习与深度学习,单选题,批规范化(Batch Normalization)的好处都有啥？,3,"['在将所有的输入传递到下一层之前对其进行归一化（更改）', '它将权重的归一化平均值和标准差', '它是一种非常有效的反向传播(BP)方法', '这些均不是']",A
251,机器学习与深度学习,单选题,下列哪个神经网络结构会发生权重共享？,3,"['卷积神经网络', '循环神经网络', '全连接神经网络', 'A和B']",D
252,机器学习与深度学习,单选题,构建一个神经网络，将前一层的输出和它自身作为输入。下列哪一种架构有反馈连接？,3,"['循环神经网络', '卷积神经网络', '限制玻尔兹曼机', '都不是']",A
253,机器学习与深度学习,单选题,下列哪项关于模型能力（model capacity）的描述是正确的？（指神经网络模型能拟合复杂函数的能力）,3,"['隐藏层层数增加，模型能力增加', 'Dropout的比例增加，模型能力增加', '学习率增加，模型能力增加', '都不正确']",A
254,机器学习与深度学习,单选题,在训练神经网络时，损失函数(loss)在最初的几个epochs时没有下降，可能的原因是？,3,"['学习率(learning rate)太低', '正则参数太高', '陷入局部最小值', '以上都有可能']",A
255,机器学习与深度学习,单选题,下列哪一项在神经网络中引入了非线性？,3,"['随机梯度下降', '修正线性单元（ReLU）', '卷积函数', '以上都不正确']",B
256,机器学习与深度学习,单选题,下面哪项操作能实现跟神经网络中Dropout的类似效果？,3,"['Boosting ', 'Bagging', 'Stacking', 'Mapping']",B
257,机器学习与深度学习,单选题,"已知： 
- 大脑是有很多个叫做神经元的东西构成，神经网络是对大脑的简单的数学表达。 
- 每一个神经元都有输入、处理函数和输出。 
- 神经元组合起来形成了网络，可以拟合任何函数。 
- 为了得到最佳的神经网络，我们用梯度下降方法不断更新模型 
给定上述关于神经网络的描述，什么情况下神经网络模型被称为深度学习模型？",3,"['加入更多层，使神经网络的深度增加', '有维度更高的数据', '当这是一个图形识别的问题时', '以上都不正确']",A
258,机器学习与深度学习,单选题,一监狱人脸识别准入系统用来识别待进入人员的身份，此系统一共包括识别4种不同的人员：狱警，小偷，送餐员，其他。下面哪种学习方法最适合此种应用需求,3,"['二分类问题 ', '多分类问题', '层次聚类问题', ' k-中心点聚类问题', '回归问题', '结构分析问题']",B
259,机器学习与深度学习,单选题,"梯度下降算法的正确步骤是什么
1.计算预测值和真实值之间的误差 
2.重复迭代，直至得到网络权重的最佳值 
3.把输入传入网络，得到输出值 
4.用随机值初始化权重和偏差 
5.对每一个产生误差的神经元，调整相应的（权重）值以减小误差",3,"['1, 2, 3, 4, 5', '5, 4, 3, 2, 1', '3, 2, 1, 5, 4', '4, 3, 1, 5, 2']",D
260,机器学习与深度学习,单选题,下列方法中，不可以用于特征降维的方法包括,3,"['主成分分析PCA', '线性判别分析LDA', '深度学习SparseAutoEncoder', '矩阵奇异值分解SVD']",C
261,机器学习与深度学习,单选题,神经网络模型（Neural Network）因受人类大脑的启发而得名。神经网络由许多神经元（Neuron）组成，每个神经元接受一个输入，对输入进行处理后给出一个输出。请问下列关于神经元的描述中，哪一项是正确的？,3,"['每个神经元只有一个输入和一个输出', '每个神经元有多个输入和一个输出', '每个神经元有一个输入和多个输出', '每个神经元有多个输入和多个输出', '上述都正确']",E
262,机器学习与深度学习,单选题,"深度学习是当前很热门的机器学习算法，在深度学习中，涉及到大量的矩阵相乘，现在需要计算三个稠密矩阵A,B,C的乘积ABC,假90设三个矩阵的尺寸分别为m∗n，n∗p，p∗q，且m <n <p <q，以下计算顺序效率最高的是",3,"['(AB)C ', 'AC(B)', 'A(BC)', '所以效率都相同']",A
263,机器学习与深度学习,单选题,基于统计的分词方法为,3,"['正向量最大匹配法', '逆向量最大匹配法', '最少切分', '条件随机场']",D
264,机器学习与深度学习,单选题,"以下几种模型方法属于判别式模型(Discriminative Model)的有
1)混合高斯模型
2)条件随机场模型
3)区分度训练
4)隐马尔科夫模型",3,"['2、3', '3、4', '1、4', '1、2']",A
265,机器学习与深度学习,单选题,下面有关分类算法的准确率，召回率，F1 值的描述，错误的是？,3,"['准确率是检索出相关文档数与检索出的文档总数的比率，衡量的是检索系统的查准率', '召回率是指检索出的相关文档数和文档库中所有的相关文档数的比率，衡量的是检索系统的查全率', '正确率、召回率和 F 值取值都在0和1之间，数值越接近0，查准率或查全率就越高', '为了解决准确率和召回率冲突问题，引入了F1分数']",C
266,机器学习与深度学习,单选题,基于统计的分词方法为,3,"['正向最大匹配法', '逆向最大匹配法', '最少切分', '条件随机场']",D
267,机器学习与深度学习,单选题,在大规模的语料中，挖掘词的相关性是一个重要的问题。以下哪一个信息不能用于确定两个词的相关性,3,"['互信息', '最大熵', '卡方检验', '最大似然比']",B
268,机器学习与深度学习,单选题,下列哪个不属于常用的文本分类的特征选择算法？,3,"['卡方检验值', '互信息', '信息增益', '主成分分析']",D
269,机器学习与深度学习,单选题,中文同义词替换时，常用到Word2Vec，以下说法错误的是,3,"['Word2Vec基于概率统计', 'Word2Vec结果符合当前预料环境', 'Word2Vec得到的都是语义上的同义词', 'Word2Vec受限于训练语料的数量和质量']",C
270,机器学习与深度学习,单选题,"想象一下，你有一个 28x28 的图片，并使用输入深度为 3 和输出深度为 8 在上面运行一个 3x3 的卷积神经网络。注意，步幅padding是1，你正在使用相同的填充（padding）
当使用给定的参数时，输出特征图的尺寸是多少",3,"['28 宽、28 高、8 深', '13 宽、13 高、8 深', '28 宽、13 高、8 深', '13 宽、28 高、8 深']",A
271,机器学习与深度学习,单选题,输入图片大小为200×200，依次经过一层卷积（kernel size 5×5，padding 1，stride 2），pooling（kernel size 3×3，padding 0，stride 1），又一层卷积（kernel size 3×3，padding 1，stride 1）之后，输出特征图大小为,3,"['95', '96', '97', '98']",C
272,机器学习与深度学习,单选题,"在选择神经网络的深度时，下面那些参数需要考虑？
1 神经网络的类型(如MLP,CNN) 
2 输入数据 
3 计算能力(硬件和软件能力决定) 
4 学习速率 
5 映射的输出函数",3,"['1 2 4 5', '2 3 4 5', '都需要考虑', '1 3 4 5']",C
273,机器学习与深度学习,单选题,当数据过大以至于无法在RAM中同时处理时，哪种梯度下降方法更加有效？,3,"['随机梯度下降法(Stochastic Gradient Descent)', '不知道', '整批梯度下降法(Full Batch Gradient Descent)', '都不是']",A
274,机器学习与深度学习,单选题,假设我们已经在ImageNet数据集(物体识别)上训练好了一个卷积神经网络。然后给这张卷积神经网络输入一张全白的图片。对于这个输入的输出结果为任何种类的物体的可能性都是一样的，对吗？,3,"['对', '不知道', '看情况', '不对']",D
275,机器学习与深度学习,单选题,假设你需要调整参数来最小化代价函数（cost function），可以使用下列哪项技术？,3,"['穷举搜索', '随机搜索', 'Bayesian优化', '以上任意一种']",D
276,机器学习与深度学习,单选题,"对于神经网络的说法, 下面正确的是 
1.增加神经网络层数, 可能会增加测试数据集的分类错误率 
2.减少神经网络层数, 总是能减小测试数据集的分类错误率 
3.增加神经网络层数, 总是能减小训练数据集的分类错误率",3,"['1', '1和3', '1和2', '2']",A
277,机器学习与深度学习,单选题, 想像正在处理文本数据，使用单词嵌入（Word2vec）表示使用的单词。在单词嵌入中，最终会有1000维。现在想减小这个高维数据的维度，这样相似的词应该在最邻近的空间中具有相似的含义。在这种情况下，您最有可能选择以下哪种算法？,3,"[' t-SNE', 'PCA', 'LDA', '都不是']",A
278,机器学习与深度学习,单选题,"隐马尔可夫模型（HMM），设其观察值
空间为
 
状态空间为
 
如果用维特比算法(Viterbi algorithm)进行解码，时间复杂度为",3,"['O(NK)', 'O(NK^2)', 'O(N^2K)', '都不是']",D
279,机器学习与深度学习,单选题,"（假设precision=TP/(TP+FP),recall=TP/(TP+FN)。）在二分类问题中，当测试集的正例和负例数量不均衡时，以下评价方案哪个是相对不合理的",3,"['Accuracy:(TP+TN)/all', 'F-value:2*recall*precision/(recall+precision)', 'G-mean:sqrt(precision*recall)', 'AUC:曲线下面积']",A
280,机器学习与深度学习,单选题,语言模型的参数估计经常使用MLE（最大似然估计）。面临的一个问题是没有出现的项概率为0，这样会导致语言模型的效果不好。为了解决这个问题，需要使用,3,"['平滑', '去噪', '随机插值', '增加白噪音']",A
281,机器学习与深度学习,单选题,下图显示了三个逻辑回归模型的AUC-ROC曲线。不同的颜色表示不同超参数值的曲线。以下哪个AUC-ROC会给出最佳结果？,3,"['黄色', '粉色', '紫色', '都相同']",A
282,机器学习与深度学习,单选题,"假定你现在解决一个有着非常不平衡类别的分类问题，即主要类别占据了训练数据的 99%。现在你的模型在测试集上表现为 99% 的准确度。那么下面哪一项表述是正确的？ 
1 准确度并不适合于衡量不平衡类别问题
2 准确度适合于衡量不平衡类别问题
3 精确率和召回率适合于衡量不平衡类别问题
3 精确率和召回率不适合于衡量不平衡类别问题",3,"['1和3', '1和4', '2和3', '2和4']",A
283,机器学习与深度学习,单选题,考虑某个具体问题时，你可能只有少量数据来解决这个问题。不过幸运的是你有一个类似问题已经预先训练好的神经网络。可以用下面哪种方法来利用这个预先训练好的网络？,3,"['把除了最后一层外所有的层都冻住，重新训练最后一层', '对新数据重新训练整个模型', '只对最后几层进行调参(fine tune)', '对每一层模型进行评估，选择其中的少数来用']",C
284,机器学习与深度学习,单选题,下图显示，当开始训练时，误差一直很高，这是因为神经网络在往全局最小值前进之前一直被卡在局部最小值里。为了避免这种情况，我们可以采取下面哪种策略？,3,"['改变学习速率，比如一开始的几个训练周期不断更改学习速率', '一开始将学习速率减小10倍，然后用动量项(momentum)', '增加参数数目，这样神经网络就不会卡在局部最优处', '其他都不对']",A
285,机器学习与深度学习,单选题,下图是一个利用sigmoid函数作为激活函数的含四个隐藏层的神经网络训练的梯度下降图。这个神经网络遇到了梯度消失的问题。下面哪个叙述是正确的？,3,"['第一隐藏层对应D，第二隐藏层对应C，第三隐藏层对应B，第四隐藏层对应A', '第一隐藏层对应D，第二隐藏层对应C，第三隐藏层对应B，第四隐藏层对应A', '第一隐藏层对应A，第二隐藏层对应B，第三隐藏层对应C，第四隐藏层对应D', '第一隐藏层对应B，第二隐藏层对应D，第三隐藏层对应C，第四隐藏层对应A']",A
286,机器学习与深度学习,单选题,"下图显示了训练过的3层卷积神经网络准确度，与参数数量(特征核的数量)的关系。
从图中趋势可见，如果增加神经网络的宽度，精确度会增加到一个特定阈值后，便开始降低。造成这一现象的可能原因是什么？",3,"['即使增加卷积核的数量，只有少部分的核会被用作预测', '当卷积核数量增加时，神经网络的预测能力（Power）会降低', '当卷积核数量增加时，它们之间的相关性增加(correlate)，导致过拟合', '以上都不正确']",C
287,机器学习与深度学习,单选题,想像正在处理文本数据，使用单词嵌入（Word2vec）表示使用的单词。在单词嵌入中，最终会有1000维。现在想减小这个高维数据的维度，这样相似的词应该在最邻近的空间中具有相似的含义。在这种情况下，您最有可能选择以下哪种算法？,3,"['t-SNE', 'PCA', 'LDA', '都不是']",A
288,机器学习与深度学习,单选题,"你可以使用不同的标准评估二元分类问题的表现，例如准确率、log-loss、F-Score。让我们假设你使用 log-loss 函数作为评估标准。 D 
下面这些选项，哪个／些是对作为评估标准的 log-loss 的正确解释。
1 如果一个分类器对不正确的分类很自信，log-loss 会严重的批评它。
2 对一个特别的观察而言，分类器为正确的类别分配非常小的概率，然后对 log-loss 的相应分布会非常大。
3 log-loss 越低，模型越好。",3,"['1和3', '2和3', '1和2', '1 2 3']",D
289,机器学习与深度学习,多选题,影响聚类算法效果的主要原因有,1,"['特征选取', '模式相似性测度', '分类准则', '已知类别的样本质量']","A,B,C"
290,机器学习与深度学习,多选题,在统计模式分类问题中，当先验概率未知时，可以使用,1,"['最小损失准则', '最小最大损失准则', '最小误判概率准则', 'N-P判决']","B,D"
291,机器学习与深度学习,多选题,下列哪些方法可以用来对高维数据进行降维,1,"['LASSO', '主成分分析法', '聚类分析', '小波分析法', '线性判别法', '拉普拉斯特征映射']","A,B,C,D,E,F"
292,机器学习与深度学习,多选题,处理类别型特征时，事先不知道分类变量在测试集中的分布。要将 one-hot encoding（独热码）应用到类别型特征中。那么在训练集中将独热码应用到分类变量可能要面临的困难是什么？,1,"['分类变量所有的类别没有全部出现在测试集中', '类别的频率分布在训练集和测试集是不同的', '训练集和测试集通常会有一样的分布']","A,B"
293,机器学习与深度学习,多选题,如果以特征向量的相关系数作为模式相似性测度，则影响聚类算法结果的主要因素有,1,"['已知类别样本质量', '分类准则', '特征选取', '量纲']","B,C"
294,机器学习与深度学习,多选题,影响基本K-均值算法的主要因素有,1,"['样本输入顺序', '模式相似性测度', '聚类准则', '初始类中心的选取']","A,B,D"
295,机器学习与深度学习,多选题,以下哪个属于线性分类器最佳准则?,1,"['感知准则函数', '贝叶斯分类', '支持向量机', 'Fisher准则']","A,C,D"
296,机器学习与深度学习,多选题,以下说法中正确的是,1,"['SVM对噪声(如来自其他分布的噪声样本)鲁棒', '在AdaBoost算法中,所有被分错的样本的权重更新比例相同', 'Boosting和Bagging都是组合多个分类器投票的方法,二者都是根据单个分类器的正确率决定其权重', '给定n个数据点,如果其中一半用于训练,一般用于测试,则训练误差和测试误差之间的差别会随着n的增加而减少']","B,D"
297,机器学习与深度学习,多选题,机器学习中L1正则化和L2正则化的区别是？,1,"['使用L1可以得到稀疏的权值', '使用L1可以得到平滑的权值', '使用L2可以得到稀疏的权值', '使用L2可以得到平滑的权值']","A,D"
298,机器学习与深度学习,多选题,位势函数法的积累势函数K(x)的作用相当于Bayes判决中的,1,"['后验概率', '先验概率', '类概率密度', '类概率密度与先验概率的乘积']","A,D"
299,机器学习与深度学习,多选题,下列方法中，可以用于特征降维的方法包括,1,"['主成分分析PCA', '线性判别分析LDA', '深度学习SparseAutoEncoder', '矩阵奇异值分解SVD', '最小二乘法LeastSquares']","A,B,C,D"
300,机器学习与深度学习,多选题,数据清理中，处理缺失值的方法是?,1,"['估算', '整例删除 ', '变量删除', '成对删除']","A,B,C,D"
301,机器学习与深度学习,多选题,下面哪些是基于核的机器学习算法?,2,"['Expectation Maximization（EM）（最大期望算法）', 'Radial Basis Function（RBF）（径向基核函数）', 'Linear Discrimimate Analysis（LDA）（主成分分析法）', 'Support Vector Machine（SVM）（支持向量机）']","B,C,D"
302,机器学习与深度学习,多选题,在统计模式识分类问题中，当先验概率未知时，可以使用,2,"['最小损失准则', 'N-P判决', '最小最大损失准则', '最小误判概率准则']","B,C"
303,机器学习与深度学习,多选题,"在分类问题中,我们经常会遇到正负样本数据量不等的情况,比如正样本为10w条数据,负样本只有1w条数据,以下最合适的处理方法是",2,"['将负样本重复10次,生成10w样本量,打乱顺序参与分类', '直接进行分类,可以最大限度利用数据', '从10w正样本中随机抽取1w参与分类', '将负样本每个权重设置为10,正样本权重为1,参与训练过程']","A,C,D"
304,机器学习与深度学习,多选题,"关于线性回归的描述,以下正确的有:",2,"['基本假设包括随机干扰项是均值为0,方差为1的标准正态分布', '基本假设包括随机干扰下是均值为0的同方差正态分布', '在违背基本假设时,普通最小二乘法估计量不再是最佳线性无偏估计量', '在违背基本假设时,模型不再可以估计', '可以用DW检验残差是否存在序列相关性', '多重共线性会使得参数估计值方差减小']","A,C,E,F"
305,机器学习与深度学习,多选题,基于二次准则函数的H-K算法较之于感知器算法的优点是,2,"['计算量小 ', '可以判别问题是否线性可分 ', '其解完全适用于非线性可分的情况', '其解的适应性更好']","B,D"
306,机器学习与深度学习,多选题,假定目标变量的类别非常不平衡，即主要类别占据了训练数据的 99%。现在你的模型在测试集上表现为 99% 的准确度。那么下面哪一项表述是正确的？,2,"['准确度并不适合于衡量不平衡类别问题', '准确度适合于衡量不平衡类别问题', '精确率和召回率适合于衡量不平衡类别问题', ' 精确率和召回率不适合于衡量不平衡类别问题']","A,C"
307,机器学习与深度学习,多选题,鉴别了多元共线特征。那么下一步可能的操作是什么？,2,"['移除两个共线变量', '不移除两个变量，而是移除一个', '移除相关变量可能会导致信息损失，可以使用带罚项的回归模型（如 ridge 或 lasso regression）']","B,C"
308,机器学习与深度学习,多选题,下面哪些对「类型 1（Type-1）」和「类型 2（Type-2）」错误的描述是正确的？,2,"['类型 1 通常称之为假正类，类型 2 通常称之为假负类', '类型 2 通常称之为假正类，类型 1 通常称之为假负类', '类型 1 错误通常在其是正确的情况下拒绝假设而出现']","A,C"
309,机器学习与深度学习,多选题,模式识别中，马式距离较之于欧式距离的优点是,2,"['平移不变性', '旋转不变性', '尺度不变性', '考虑了模式的分布']","C,D"
310,机器学习与深度学习,多选题,影响聚类算法结果的主要因素有,2,"['已知类别的样本质量', '分类准则', '特征选取', '模式相似性测度']","B,C,D"
311,机器学习与深度学习,多选题,假定某同学使用Naive Bayesian（NB）分类模型时，不小心将训练数据的两个维度搞重复了，那么关于NB的说法中正确的是,3,"['这个被重复的特征在模型中的决定作用会被加强', '模型效果相比无重复特征的情况下精确度会降低', '如果所有特征都被重复一遍，得到的模型预测结果相对于不重复的情况下的模型预测结果一样', '当两列特征高度相关时，无法用两列特征相同时所得到的结论来分析问题', 'NB可以用来做最小二乘回归', '以上说法都不正确']","B,D"
312,机器学习与深度学习,多选题,隐马尔可夫模型三个基本问题以及相应的算法说法正确的是,3,"['评估—前向后向算法', '解码—维特比算法', '学习—Baum-Welch算法', '学习—前向后向算法']","A,B,C"
